task_id,selected_pilot,deepseek_length_count,deepseek_nontruncated_count,deepseek_nontruncated_successes,deepseek_nontruncated_pass_rate,zhipu_length_count,zhipu_nontruncated_count,zhipu_nontruncated_successes,zhipu_nontruncated_pass_rate,pooled_failed_count,pooled_length_failed_count,pooled_nonlength_failed_count,length_majority_of_failures
00576224,False,0,4,4,1.0,0,4,1,0.25,3,0,3,False
009d5c81,False,0,4,4,1.0,0,4,2,0.5,2,0,2,False
00dbd492,False,0,4,3,0.75,0,4,3,0.75,2,0,2,False
03560426,False,0,4,4,1.0,1,3,2,0.6666666666666666,2,1,1,False
05a7bcf2,False,4,0,0,,4,0,0,,8,8,0,True
0607ce86,False,3,1,0,0.0,0,4,0,0.0,8,3,5,False
0692e18c,False,0,4,4,1.0,0,4,3,0.75,1,0,1,False
070dd51e,False,1,3,2,0.6666666666666666,0,4,3,0.75,3,1,2,False
08573cc6,False,1,3,3,1.0,4,0,0,,5,5,0,True
0934a4d8,False,3,1,0,0.0,3,1,0,0.0,8,6,2,True
09c534e7,False,4,0,0,,3,1,0,0.0,8,7,1,True
0a1d4ef5,False,4,0,0,,1,3,0,0.0,8,5,3,True
0a2355a6,False,4,0,0,,4,0,0,,8,8,0,True
0b17323b,False,0,4,4,1.0,0,4,4,1.0,0,0,0,False
0bb8deee,True,2,2,1,0.5,0,4,2,0.5,5,2,3,False
0becf7df,False,0,4,4,1.0,0,4,1,0.25,3,0,3,False
0c786b71,False,0,4,4,1.0,0,4,1,0.25,3,0,3,False
0c9aba6e,False,0,4,4,1.0,1,3,1,0.3333333333333333,3,1,2,False
0d87d2a6,False,0,4,0,0.0,0,4,0,0.0,8,0,8,False
0e671a1a,False,2,2,2,1.0,1,3,3,1.0,3,3,0,True
0f63c0b9,False,0,4,4,1.0,2,2,1,0.5,3,2,1,True
103eff5b,False,3,1,0,0.0,3,1,0,0.0,8,6,2,True
11e1fe23,False,2,2,2,1.0,0,4,0,0.0,6,2,4,False
12422b43,False,0,4,4,1.0,1,3,0,0.0,4,1,3,False
12997ef3,True,0,4,3,0.75,0,4,1,0.25,4,0,4,False
12eac192,False,1,3,3,1.0,1,3,1,0.3333333333333333,4,2,2,False
136b0064,False,4,0,0,,3,1,0,0.0,8,7,1,True
13713586,False,3,1,1,1.0,1,3,0,0.0,7,4,3,True
137f0df0,False,0,4,4,1.0,0,4,2,0.5,2,0,2,False
140c817e,False,0,4,4,1.0,0,4,3,0.75,1,0,1,False
14754a24,False,4,0,0,,3,1,0,0.0,8,7,1,True
15113be4,True,4,0,0,,0,4,2,0.5,6,4,2,True
15663ba9,False,4,0,0,,4,0,0,,8,8,0,True
15696249,False,0,4,4,1.0,0,4,0,0.0,4,0,4,False
16b78196,False,4,0,0,,4,0,0,,8,8,0,True
17b80ad2,True,3,1,1,1.0,1,3,3,1.0,4,4,0,True
17cae0c1,False,0,4,4,1.0,2,2,0,0.0,4,2,2,False
18419cfa,False,4,0,0,,0,4,0,0.0,8,4,4,False
184a9768,False,4,0,0,,3,1,0,0.0,8,7,1,True
195ba7dc,False,0,4,4,1.0,0,4,3,0.75,1,0,1,False
1990f7a8,True,2,2,2,1.0,1,3,2,0.6666666666666666,4,3,1,True
19bb5feb,False,0,4,3,0.75,0,4,2,0.5,3,0,3,False
1a2e2828,False,0,4,3,0.75,0,4,3,0.75,2,0,2,False
1a6449f1,False,0,4,3,0.75,0,4,0,0.0,5,0,5,False
1acc24af,False,4,0,0,,3,1,0,0.0,8,7,1,True
1c02dbbe,False,1,3,2,0.6666666666666666,2,2,0,0.0,6,3,3,False
1c0d0a4b,False,0,4,3,0.75,4,0,0,,5,4,1,True
1c56ad9f,False,4,0,0,,3,1,0,0.0,8,7,1,True
1d0a4b61,False,0,4,4,1.0,0,4,2,0.5,2,0,2,False
1d398264,True,1,3,3,1.0,0,4,1,0.25,4,1,3,False
1da012fc,False,2,2,1,0.5,0,4,0,0.0,7,2,5,False
1e81d6f9,False,0,4,4,1.0,0,4,3,0.75,1,0,1,False
1e97544e,False,0,4,4,1.0,1,3,2,0.6666666666666666,2,1,1,False
2037f2c7,False,4,0,0,,3,1,0,0.0,8,7,1,True
2072aba6,False,0,4,4,1.0,0,4,4,1.0,0,0,0,False
20818e16,False,2,2,2,1.0,1,3,1,0.3333333333333333,5,3,2,True
20981f0e,False,3,1,1,1.0,4,0,0,,7,7,0,True
212895b5,False,4,0,0,,4,0,0,,8,8,0,True
21f83797,False,0,4,4,1.0,0,4,4,1.0,0,0,0,False
22a4bbc2,False,1,3,3,1.0,1,3,1,0.3333333333333333,4,2,2,False
25094a63,False,3,1,0,0.0,0,4,0,0.0,8,3,5,False
2546ccf6,False,4,0,0,,3,1,0,0.0,8,7,1,True
256b0a75,False,4,0,0,,2,2,0,0.0,8,6,2,True
2685904e,False,0,4,4,1.0,0,4,0,0.0,4,0,4,False
2697da3f,False,0,4,0,0.0,2,2,0,0.0,8,2,6,False
2753e76c,False,0,4,4,1.0,0,4,1,0.25,3,0,3,False
27a77e38,False,0,4,4,1.0,0,4,0,0.0,4,0,4,False
27f8ce4f,False,0,4,4,1.0,2,2,0,0.0,4,2,2,False
281123b4,False,0,4,4,1.0,2,2,2,1.0,2,2,0,True
292dd178,False,1,3,3,1.0,1,3,0,0.0,5,2,3,False
29700607,False,0,4,4,1.0,0,4,3,0.75,1,0,1,False
2a5f8217,False,0,4,3,0.75,1,3,0,0.0,5,1,4,False
2b01abd0,True,0,4,3,0.75,0,4,0,0.0,5,0,5,False
2c0b0aff,False,4,0,0,,2,2,0,0.0,8,6,2,True
2c737e39,False,0,4,3,0.75,0,4,0,0.0,5,0,5,False
2f0c5170,True,0,4,2,0.5,0,4,1,0.25,5,0,5,False
310f3251,False,0,4,3,0.75,1,3,3,1.0,2,1,1,False
3194b014,True,1,3,3,1.0,0,4,0,0.0,5,1,4,False
319f2597,False,0,4,4,1.0,0,4,2,0.5,2,0,2,False
31adaf00,False,4,0,0,,0,4,0,0.0,8,4,4,False
31d5ba1a,False,0,4,4,1.0,0,4,3,0.75,1,0,1,False
32e9702f,False,0,4,4,1.0,0,4,1,0.25,3,0,3,False
332efdb3,False,0,4,4,1.0,0,4,4,1.0,0,0,0,False
3391f8c0,False,4,0,0,,1,3,0,0.0,8,5,3,True
33b52de3,False,2,2,1,0.5,0,4,1,0.25,6,2,4,False
3490cc26,False,4,0,0,,1,3,0,0.0,8,5,3,True
34b99a2b,False,0,4,4,1.0,0,4,4,1.0,0,0,0,False
351d6448,False,3,1,1,1.0,0,4,0,0.0,7,3,4,False
358ba94e,False,3,1,1,1.0,1,3,0,0.0,7,4,3,True
37d3e8b2,False,4,0,0,,3,1,0,0.0,8,7,1,True
3979b1a8,False,1,3,2,0.6666666666666666,1,3,1,0.3333333333333333,5,2,3,False
3a301edc,False,4,0,0,,2,2,0,0.0,8,6,2,True
3b4c2228,False,0,4,4,1.0,0,4,4,1.0,0,0,0,False
3d31c5b3,False,0,4,4,1.0,1,3,2,0.6666666666666666,2,1,1,False
3ed85e70,False,4,0,0,,4,0,0,,8,8,0,True
3ee1011a,False,1,3,2,0.6666666666666666,0,4,1,0.25,5,1,4,False
3f23242b,False,0,4,4,1.0,0,4,2,0.5,2,0,2,False
40f6cd08,False,4,0,0,,2,2,0,0.0,8,6,2,True
414297c0,False,4,0,0,,1,3,0,0.0,8,5,3,True
423a55dc,False,0,4,4,1.0,1,3,1,0.3333333333333333,3,1,2,False
42918530,False,3,1,1,1.0,0,4,1,0.25,6,3,3,False
42a15761,False,4,0,0,,4,0,0,,8,8,0,True
4364c1c4,False,0,4,2,0.5,0,4,0,0.0,6,0,6,False
456873bc,False,4,0,0,,4,0,0,,8,8,0,True
45737921,False,0,4,4,1.0,0,4,2,0.5,2,0,2,False
45bbe264,False,0,4,3,0.75,0,4,3,0.75,2,0,2,False
477d2879,False,4,0,0,,3,1,0,0.0,8,7,1,True
47996f11,False,3,1,0,0.0,3,1,0,0.0,8,6,2,True
48131b3c,False,0,4,4,1.0,0,4,1,0.25,3,0,3,False
4852f2fa,True,0,4,1,0.25,0,4,2,0.5,5,0,5,False
48f8583b,True,0,4,3,0.75,0,4,0,0.0,5,0,5,False
4aab4007,False,4,0,0,,3,1,0,0.0,8,7,1,True
4acc7107,False,4,0,0,,4,0,0,,8,8,0,True
4b6b68e5,False,4,0,0,,1,3,0,0.0,8,5,3,True
4c177718,False,2,2,2,1.0,3,1,0,0.0,6,5,1,True
4cd1b7b2,False,0,4,4,1.0,0,4,2,0.5,2,0,2,False
4e45f183,False,4,0,0,,4,0,0,,8,8,0,True
4e469f39,False,0,4,4,1.0,0,4,1,0.25,3,0,3,False
4f537728,False,0,4,3,0.75,0,4,1,0.25,4,0,4,False
4ff4c9da,False,4,0,0,,4,0,0,,8,8,0,True
505fff84,False,0,4,4,1.0,0,4,4,1.0,0,0,0,False
506d28a5,False,0,4,0,0.0,0,4,1,0.25,7,0,7,False
50a16a69,True,2,2,2,1.0,0,4,2,0.5,4,2,2,False
50aad11f,False,3,1,1,1.0,0,4,2,0.5,5,3,2,True
50f325b5,False,4,0,0,,3,1,0,0.0,8,7,1,True
516b51b7,False,2,2,2,1.0,0,4,0,0.0,6,2,4,False
5207a7b5,False,0,4,3,0.75,2,2,1,0.5,4,2,2,False
5289ad53,False,0,4,4,1.0,2,2,1,0.5,3,2,1,True
52fd389e,False,0,4,4,1.0,0,4,1,0.25,3,0,3,False
54db823b,False,3,1,1,1.0,3,1,0,0.0,7,6,1,True
55059096,False,0,4,4,1.0,0,4,2,0.5,2,0,2,False
551d5bf1,True,4,0,0,,1,3,2,0.6666666666666666,6,5,1,True
55783887,False,3,1,0,0.0,4,0,0,,8,7,1,True
575b1a71,True,0,4,3,0.75,0,4,0,0.0,5,0,5,False
5783df64,False,0,4,4,1.0,0,4,3,0.75,1,0,1,False
5833af48,False,4,0,0,,2,2,0,0.0,8,6,2,True
58743b76,False,0,4,3,0.75,0,4,1,0.25,4,0,4,False
58e15b12,False,3,1,1,1.0,4,0,0,,7,7,0,True
59341089,True,1,3,3,1.0,0,4,1,0.25,4,1,3,False
5a5a2103,True,1,3,2,0.6666666666666666,0,4,0,0.0,6,1,5,False
5af49b42,False,0,4,4,1.0,0,4,0,0.0,4,0,4,False
5b526a93,False,0,4,4,1.0,2,2,0,0.0,4,2,2,False
5b692c0f,False,4,0,0,,2,2,0,0.0,8,6,2,True
5b6cbef5,False,0,4,3,0.75,0,4,4,1.0,1,0,1,False
5d2a5c43,False,0,4,3,0.75,0,4,2,0.5,3,0,3,False
5ffb2104,False,3,1,0,0.0,0,4,2,0.5,6,3,3,False
604001fa,False,2,2,2,1.0,0,4,1,0.25,5,2,3,False
60a26a3e,False,0,4,4,1.0,0,4,1,0.25,3,0,3,False
60c09cac,False,0,4,4,1.0,0,4,4,1.0,0,0,0,False
626c0bcc,False,4,0,0,,3,1,0,0.0,8,7,1,True
62ab2642,False,4,0,0,,4,0,0,,8,8,0,True
62b74c02,False,0,4,4,1.0,0,4,0,0.0,4,0,4,False
639f5a19,False,0,4,4,1.0,1,3,1,0.3333333333333333,3,1,2,False
642248e4,False,0,4,3,0.75,0,4,4,1.0,1,0,1,False
642d658d,False,0,4,4,1.0,1,3,2,0.6666666666666666,2,1,1,False
64a7c07e,False,1,3,3,1.0,0,4,1,0.25,4,1,3,False
66e6c45b,False,0,4,4,1.0,0,4,1,0.25,3,0,3,False
66f2d22f,False,0,4,4,1.0,0,4,4,1.0,0,0,0,False
67636eac,False,0,4,2,0.5,0,4,0,0.0,6,0,6,False
67b4a34d,False,0,4,4,1.0,0,4,3,0.75,1,0,1,False
67c52801,False,0,4,4,1.0,2,2,1,0.5,3,2,1,True
68b67ca3,False,0,4,4,1.0,0,4,3,0.75,1,0,1,False
692cd3b6,False,4,0,0,,4,0,0,,8,8,0,True
695367ec,False,0,4,4,1.0,0,4,1,0.25,3,0,3,False
696d4842,False,4,0,0,,1,3,0,0.0,8,5,3,True
69889d6e,False,4,0,0,,4,0,0,,8,8,0,True
6a11f6da,False,0,4,4,1.0,2,2,2,1.0,2,2,0,True
6ad5bdfd,False,4,0,0,,0,4,1,0.25,7,4,3,True
6df30ad6,True,1,3,2,0.6666666666666666,0,4,0,0.0,6,1,5,False
6ea4a07e,True,0,4,1,0.25,0,4,1,0.25,6,0,6,False
6f473927,False,0,4,2,0.5,0,4,4,1.0,2,0,2,False
7039b2d7,True,0,4,3,0.75,0,4,0,0.0,5,0,5,False
705a3229,False,0,4,4,1.0,0,4,3,0.75,1,0,1,False
712bf12e,False,2,2,2,1.0,3,1,0,0.0,6,5,1,True
72207abc,False,0,4,4,1.0,1,3,2,0.6666666666666666,2,1,1,False
72a961c9,False,0,4,4,1.0,0,4,2,0.5,2,0,2,False
73182012,False,0,4,4,1.0,0,4,2,0.5,2,0,2,False
73c3b0d8,False,1,3,2,0.6666666666666666,1,3,1,0.3333333333333333,5,2,3,False
73ccf9c2,False,4,0,0,,3,1,0,0.0,8,7,1,True
759f3fd3,False,4,0,0,,3,1,1,1.0,7,7,0,True
762cd429,False,4,0,0,,1,3,2,0.6666666666666666,6,5,1,True
770cc55f,False,0,4,4,1.0,0,4,1,0.25,3,0,3,False
782b5218,False,0,4,4,1.0,0,4,1,0.25,3,0,3,False
79369cc6,False,4,0,0,,3,1,0,0.0,8,7,1,True
7953d61e,True,0,4,2,0.5,0,4,2,0.5,4,0,4,False
79fb03f4,False,4,0,0,,4,0,0,,8,8,0,True
7bb29440,False,4,0,0,,1,3,1,0.3333333333333333,7,5,2,True
7c8af763,False,4,0,0,,1,3,1,0.3333333333333333,7,5,2,True
7c9b52a0,False,0,4,3,0.75,0,4,1,0.25,4,0,4,False
7d18a6fb,False,2,2,1,0.5,0,4,0,0.0,7,2,5,False
7d1f7ee8,False,0,4,4,1.0,0,4,1,0.25,3,0,3,False
7d419a02,False,4,0,0,,4,0,0,,8,8,0,True
7e02026e,False,0,4,4,1.0,0,4,2,0.5,2,0,2,False
7ee1c6ea,False,0,4,4,1.0,0,4,1,0.25,3,0,3,False
817e6c09,False,4,0,0,,3,1,0,0.0,8,7,1,True
81c0276b,False,1,3,3,1.0,0,4,2,0.5,3,1,2,False
833dafe3,False,0,4,2,0.5,0,4,1,0.25,5,0,5,False
845d6e51,False,4,0,0,,2,2,1,0.5,7,6,1,True
84db8fc4,True,2,2,2,1.0,2,2,0,0.0,6,4,2,True
84f2aca1,False,0,4,3,0.75,0,4,2,0.5,3,0,3,False
8597cfd7,True,0,4,4,1.0,0,4,0,0.0,4,0,4,False
85b81ff1,False,4,0,0,,3,1,0,0.0,8,7,1,True
85fa5666,False,4,0,0,,2,2,1,0.5,7,6,1,True
8719f442,False,4,0,0,,4,0,0,,8,8,0,True
88207623,False,4,0,0,,0,4,1,0.25,7,4,3,True
891232d6,False,4,0,0,,4,0,0,,8,8,0,True
896d5239,False,4,0,0,,3,1,0,0.0,8,7,1,True
8a371977,True,0,4,4,1.0,0,4,0,0.0,4,0,4,False
8b28cd80,False,4,0,0,,4,0,0,,8,8,0,True
8ba14f53,False,4,0,0,,3,1,1,1.0,7,7,0,True
8cb8642d,False,4,0,0,,3,1,0,0.0,8,7,1,True
8dae5dfc,False,0,4,4,1.0,0,4,1,0.25,3,0,3,False
8e2edd66,False,0,4,4,1.0,0,4,2,0.5,2,0,2,False
8ee62060,True,1,3,3,1.0,0,4,0,0.0,5,1,4,False
8fbca751,False,1,3,0,0.0,0,4,0,0.0,8,1,7,False
90347967,True,1,3,3,1.0,0,4,0,0.0,5,1,4,False
903d1b4a,False,2,2,2,1.0,0,4,2,0.5,4,2,2,False
9110e3c5,False,3,1,1,1.0,1,3,0,0.0,7,4,3,True
917bccba,False,0,4,3,0.75,0,4,0,0.0,5,0,5,False
929ab4e9,False,1,3,3,1.0,0,4,2,0.5,3,1,2,False
92e50de0,False,2,2,0,0.0,0,4,0,0.0,8,2,6,False
9356391f,True,3,1,1,1.0,0,4,2,0.5,5,3,2,True
93b4f4b3,False,1,3,0,0.0,0,4,0,0.0,8,1,7,False
93c31fbe,False,4,0,0,,4,0,0,,8,8,0,True
94133066,False,4,0,0,,3,1,0,0.0,8,7,1,True
94414823,False,0,4,4,1.0,0,4,1,0.25,3,0,3,False
94be5b80,False,0,4,1,0.25,0,4,0,0.0,7,0,7,False
95a58926,False,0,4,4,1.0,0,4,2,0.5,2,0,2,False
963f59bc,False,4,0,0,,3,1,0,0.0,8,7,1,True
96a8c0cd,False,4,0,0,,4,0,0,,8,8,0,True
97239e3d,False,3,1,1,1.0,0,4,1,0.25,6,3,3,False
9772c176,False,4,0,0,,4,0,0,,8,8,0,True
981571dc,False,4,0,0,,1,3,0,0.0,8,5,3,True
992798f6,False,1,3,2,0.6666666666666666,0,4,3,0.75,3,1,2,False
99306f82,False,0,4,4,1.0,0,4,0,0.0,4,0,4,False
9a4bb226,False,0,4,4,1.0,0,4,1,0.25,3,0,3,False
9b2a60aa,False,4,0,0,,2,2,0,0.0,8,6,2,True
9b365c51,True,0,4,4,1.0,0,4,0,0.0,4,0,4,False
9b4c17c4,False,2,2,2,1.0,0,4,0,0.0,6,2,4,False
9bebae7a,False,4,0,0,,4,0,0,,8,8,0,True
9c1e755f,False,3,1,1,1.0,0,4,1,0.25,6,3,3,False
9c56f360,False,0,4,4,1.0,2,2,2,1.0,2,2,0,True
9caba7c3,False,4,0,0,,3,1,0,0.0,8,7,1,True
9ddd00f0,False,2,2,2,1.0,2,2,1,0.5,5,4,1,True
9def23fe,False,0,4,3,0.75,1,3,0,0.0,5,1,4,False
9f27f097,True,0,4,2,0.5,0,4,1,0.25,5,0,5,False
a04b2602,False,3,1,1,1.0,4,0,0,,7,7,0,True
a096bf4d,False,4,0,0,,2,2,0,0.0,8,6,2,True
a3f84088,False,4,0,0,,2,2,0,0.0,8,6,2,True
a406ac07,False,0,4,4,1.0,0,4,1,0.25,3,0,3,False
a57f2f04,False,1,3,2,0.6666666666666666,0,4,0,0.0,6,1,5,False
a59b95c0,False,0,4,4,1.0,0,4,3,0.75,1,0,1,False
a680ac02,True,0,4,3,0.75,0,4,1,0.25,4,0,4,False
a8610ef7,False,4,0,0,,2,2,1,0.5,7,6,1,True
a934301b,False,0,4,4,1.0,0,4,2,0.5,2,0,2,False
aa18de87,False,1,3,3,1.0,0,4,4,1.0,1,1,0,True
aa300dc3,False,2,2,2,1.0,0,4,3,0.75,3,2,1,True
aa4ec2a5,False,4,0,0,,3,1,0,0.0,8,7,1,True
aab50785,False,0,4,4,1.0,0,4,0,0.0,4,0,4,False
ac0c5833,False,4,0,0,,3,1,0,0.0,8,7,1,True
ac2e8ecf,False,4,0,0,,2,2,1,0.5,7,6,1,True
ac3e2b04,False,3,1,0,0.0,0,4,1,0.25,7,3,4,False
ac605cbb,False,3,1,1,1.0,0,4,2,0.5,5,3,2,True
ad7e01d0,False,0,4,4,1.0,1,3,0,0.0,4,1,3,False
ae58858e,False,0,4,4,1.0,0,4,3,0.75,1,0,1,False
aee291af,False,4,0,0,,2,2,1,0.5,7,6,1,True
af22c60d,False,4,0,0,,0,4,0,0.0,8,4,4,False
af24b4cc,True,0,4,2,0.5,0,4,1,0.25,5,0,5,False
b0722778,False,4,0,0,,3,1,0,0.0,8,7,1,True
b0f4d537,False,4,0,0,,4,0,0,,8,8,0,True
b15fca0b,False,4,0,0,,3,1,0,0.0,8,7,1,True
b1fc8b8e,False,2,2,2,1.0,2,2,1,0.5,5,4,1,True
b20f7c8b,False,4,0,0,,4,0,0,,8,8,0,True
b457fec5,False,4,0,0,,4,0,0,,8,8,0,True
b4a43f3b,False,0,4,4,1.0,0,4,1,0.25,3,0,3,False
b7999b51,True,3,1,0,0.0,1,3,2,0.6666666666666666,6,4,2,True
b7cb93ac,False,4,0,0,,4,0,0,,8,8,0,True
b7f8a4d8,False,4,0,0,,0,4,0,0.0,8,4,4,False
b7fb29bc,True,0,4,3,0.75,2,2,0,0.0,5,2,3,False
b942fd60,False,3,1,1,1.0,4,0,0,,7,7,0,True
b9630600,False,4,0,0,,4,0,0,,8,8,0,True
ba9d41b8,False,0,4,4,1.0,0,4,1,0.25,3,0,3,False
baf41dbf,False,4,0,0,,0,4,0,0.0,8,4,4,False
bb52a14b,False,3,1,0,0.0,0,4,0,0.0,8,3,5,False
bbb1b8b6,False,0,4,4,1.0,0,4,2,0.5,2,0,2,False
bc4146bd,False,0,4,4,1.0,0,4,4,1.0,0,0,0,False
bcb3040b,False,0,4,4,1.0,0,4,2,0.5,2,0,2,False
bd14c3bf,False,4,0,0,,4,0,0,,8,8,0,True
be03b35f,False,0,4,4,1.0,0,4,3,0.75,1,0,1,False
bf32578f,False,4,0,0,,1,3,0,0.0,8,5,3,True
bf699163,False,1,3,2,0.6666666666666666,0,4,3,0.75,3,1,2,False
bf89d739,False,0,4,4,1.0,1,3,2,0.6666666666666666,2,1,1,False
c074846d,False,0,4,4,1.0,0,4,3,0.75,1,0,1,False
c1990cce,False,3,1,1,1.0,3,1,0,0.0,7,6,1,True
c3202e5a,False,4,0,0,,4,0,0,,8,8,0,True
c35c1b4c,False,3,1,0,0.0,1,3,0,0.0,8,4,4,False
c48954c1,False,0,4,4,1.0,0,4,2,0.5,2,0,2,False
c62e2108,False,4,0,0,,2,2,0,0.0,8,6,2,True
c64f1187,False,3,1,1,1.0,0,4,1,0.25,6,3,3,False
c658a4bd,False,2,2,2,1.0,0,4,1,0.25,5,2,3,False
c663677b,False,0,4,3,0.75,0,4,3,0.75,2,0,2,False
c6e1b8da,False,4,0,0,,4,0,0,,8,8,0,True
c7d4e6ad,False,0,4,4,1.0,0,4,2,0.5,2,0,2,False
c87289bb,True,3,1,1,1.0,2,2,1,0.5,6,5,1,True
c8b7cc0f,False,0,4,3,0.75,0,4,0,0.0,5,0,5,False
c92b942c,False,4,0,0,,4,0,0,,8,8,0,True
c97c0139,False,0,4,4,1.0,0,4,3,0.75,1,0,1,False
ca8de6ea,False,0,4,4,1.0,0,4,1,0.25,3,0,3,False
ca8f78db,False,0,4,4,1.0,0,4,1,0.25,3,0,3,False
cad67732,False,4,0,0,,1,3,0,0.0,8,5,3,True
cb227835,False,1,3,3,1.0,1,3,1,0.3333333333333333,4,2,2,False
ccd554ac,False,0,4,4,1.0,0,4,2,0.5,2,0,2,False
cd3c21df,False,0,4,4,1.0,0,4,0,0.0,4,0,4,False
ce039d91,True,3,1,1,1.0,3,1,1,1.0,6,6,0,True
ce8d95cc,True,1,3,3,1.0,0,4,0,0.0,5,1,4,False
cf133acc,False,4,0,0,,0,4,1,0.25,7,4,3,True
cfb2ce5a,False,4,0,0,,2,2,0,0.0,8,6,2,True
d017b73f,False,4,0,0,,4,0,0,,8,8,0,True
d19f7514,False,0,4,4,1.0,0,4,4,1.0,0,0,0,False
d282b262,False,3,1,1,1.0,0,4,2,0.5,5,3,2,True
d2acf2cb,True,1,3,3,1.0,3,1,1,1.0,4,4,0,True
d304284e,False,4,0,0,,0,4,0,0.0,8,4,4,False
d37a1ef5,False,0,4,4,1.0,0,4,0,0.0,4,0,4,False
d47aa2ff,False,0,4,3,0.75,0,4,4,1.0,1,0,1,False
d492a647,False,0,4,4,1.0,1,3,2,0.6666666666666666,2,1,1,False
d4b1c2b1,False,0,4,4,1.0,0,4,4,1.0,0,0,0,False
d4c90558,False,0,4,4,1.0,0,4,1,0.25,3,0,3,False
d56f2372,False,4,0,0,,1,3,1,0.3333333333333333,7,5,2,True
d5c634a2,False,3,1,1,1.0,4,0,0,,7,7,0,True
d931c21c,False,4,0,0,,4,0,0,,8,8,0,True
d94c3b52,False,4,0,0,,4,0,0,,8,8,0,True
da2b0fe3,False,0,4,3,0.75,0,4,0,0.0,5,0,5,False
da515329,False,4,0,0,,4,0,0,,8,8,0,True
dc2aa30b,True,2,2,2,1.0,3,1,0,0.0,6,5,1,True
dc2e9a9d,False,4,0,0,,2,2,1,0.5,7,6,1,True
dd2401ed,False,4,0,0,,4,0,0,,8,8,0,True
de493100,False,4,0,0,,4,0,0,,8,8,0,True
df8cc377,False,4,0,0,,0,4,0,0.0,8,4,4,False
e0fb7511,False,0,4,4,1.0,0,4,3,0.75,1,0,1,False
e133d23d,False,0,4,4,1.0,0,4,3,0.75,1,0,1,False
e1baa8a4,False,0,4,4,1.0,0,4,3,0.75,1,0,1,False
e1d2900e,False,4,0,0,,4,0,0,,8,8,0,True
e2092e0c,False,2,2,0,0.0,3,1,0,0.0,8,5,3,True
e21a174a,False,0,4,4,1.0,0,4,0,0.0,4,0,4,False
e345f17b,False,0,4,4,1.0,0,4,4,1.0,0,0,0,False
e4075551,True,0,4,1,0.25,0,4,1,0.25,6,0,6,False
e41c6fd3,False,1,3,3,1.0,0,4,2,0.5,3,1,2,False
e57337a4,False,0,4,2,0.5,0,4,4,1.0,2,0,2,False
e5790162,False,1,3,3,1.0,2,2,1,0.5,4,3,1,True
e5c44e8f,False,4,0,0,,4,0,0,,8,8,0,True
e619ca6e,False,1,3,3,1.0,1,3,2,0.6666666666666666,3,2,1,True
e633a9e5,False,0,4,4,1.0,0,4,2,0.5,2,0,2,False
e66aafb8,False,0,4,4,1.0,1,3,2,0.6666666666666666,2,1,1,False
e681b708,False,4,0,0,,4,0,0,,8,8,0,True
e69241bd,False,2,2,1,0.5,0,4,0,0.0,7,2,5,False
e6de6e8f,False,4,0,0,,4,0,0,,8,8,0,True
e74e1818,False,1,3,2,0.6666666666666666,0,4,0,0.0,6,1,5,False
e760a62e,True,4,0,0,,1,3,2,0.6666666666666666,6,5,1,True
e7639916,False,0,4,4,1.0,0,4,2,0.5,2,0,2,False
e78887d1,False,4,0,0,,4,0,0,,8,8,0,True
e7a25a18,False,0,4,4,1.0,0,4,0,0.0,4,0,4,False
e7b06bea,False,0,4,4,1.0,0,4,1,0.25,3,0,3,False
e7dd8335,False,0,4,3,0.75,0,4,2,0.5,3,0,3,False
e872b94a,False,1,3,3,1.0,1,3,3,1.0,2,2,0,True
e88171ec,False,3,1,1,1.0,0,4,0,0.0,7,3,4,False
e95e3d8e,False,0,4,4,1.0,0,4,2,0.5,2,0,2,False
e99362f0,False,0,4,2,0.5,1,3,3,1.0,3,1,2,False
e9ac8c9e,False,0,4,4,1.0,0,4,3,0.75,1,0,1,False
e9b4f6fc,False,0,4,4,1.0,0,4,1,0.25,3,0,3,False
e9bb6954,False,1,3,0,0.0,1,3,0,0.0,8,2,6,False
e9c9d9a1,False,0,4,3,0.75,0,4,2,0.5,3,0,3,False
ea959feb,False,2,2,2,1.0,0,4,0,0.0,6,2,4,False
ea9794b1,False,1,3,3,1.0,0,4,3,0.75,2,1,1,False
ecaa0ec1,False,4,0,0,,4,0,0,,8,8,0,True
ed74f2f2,False,0,4,4,1.0,1,3,2,0.6666666666666666,2,1,1,False
ed98d772,False,0,4,3,0.75,0,4,2,0.5,3,0,3,False
ef26cbf6,False,0,4,2,0.5,1,3,2,0.6666666666666666,4,1,3,False
f0afb749,False,0,4,4,1.0,0,4,3,0.75,1,0,1,False
f0df5ff0,False,0,4,4,1.0,0,4,4,1.0,0,0,0,False
f21745ec,False,4,0,0,,2,2,0,0.0,8,6,2,True
f3b10344,False,4,0,0,,1,3,0,0.0,8,5,3,True
f3cdc58f,False,0,4,4,1.0,0,4,2,0.5,2,0,2,False
f3e62deb,False,0,4,4,1.0,0,4,1,0.25,3,0,3,False
f4081712,True,2,2,2,1.0,1,3,1,0.3333333333333333,5,3,2,True
f45f5ca7,False,0,4,4,1.0,0,4,4,1.0,0,0,0,False
f5aa3634,False,2,2,2,1.0,0,4,1,0.25,5,2,3,False
f5c89df1,False,0,4,4,1.0,0,4,4,1.0,0,0,0,False
f823c43c,False,1,3,2,0.6666666666666666,0,4,0,0.0,6,1,5,False
f83cb3f6,False,0,4,1,0.25,1,3,0,0.0,7,1,6,False
f8be4b64,False,4,0,0,,3,1,0,0.0,8,7,1,True
f9a67cb5,False,4,0,0,,4,0,0,,8,8,0,True
f9d67f8b,False,4,0,0,,3,1,0,0.0,8,7,1,True
fafd9572,False,2,2,2,1.0,0,4,2,0.5,4,2,2,False
fb791726,False,0,4,4,1.0,0,4,2,0.5,2,0,2,False
fc754716,False,0,4,4,1.0,0,4,1,0.25,3,0,3,False
fd096ab6,False,4,0,0,,3,1,0,0.0,8,7,1,True
fd4b2b02,False,4,0,0,,3,1,0,0.0,8,7,1,True
fe9372f3,False,0,4,4,1.0,1,3,2,0.6666666666666666,2,1,1,False
fea12743,False,4,0,0,,4,0,0,,8,8,0,True
ff72ca3e,False,0,4,4,1.0,2,2,2,1.0,2,2,0,True
